{"cameraMode":{"drawMode":0,"name":"Shaded","section":"Shading Mode"},"sceneLighting":true,"audioPlay":false,"sceneViewState":{"m_AlwaysRefresh":false,"showFog":true,"showSkybox":true,"showFlares":true,"showImageEffects":true,"showParticleSystems":true,"showVisualEffectGraphs":true,"m_FxEnabled":true},"in2DMode":false,"pivot":{"x":11.998544692993164,"y":2.8650240898132326,"z":9.277027130126954},"rotation":{"x":-0.03517041355371475,"y":-0.34612584114074709,"z":0.012991111725568772,"w":-0.9374503493309021},"size":17.337554931640626,"orthographic":false}